frames,d_bond1,d_bond2,d_bond3,potential_energy,RMSD_protein,RMSD_ligand
0,1.834423,1.780613,2.4092052,-607235.3342049029,1.0448462974276759e-06,0.0
10,1.6307286,2.0580165,2.7655199,-615320.2092049029,2.1804471338507896,1.317981015160289
